Name,Country,Habitat,Type
Dolphin,Mexico,Ocean,Mammal
Blue Whale,Global,Ocean,Mammal
African Elephant,Kenya,Savannah,Mammal
Bengal Tiger,India,Forest,Mammal
Bald Eagle,USA,Mountains,Bird
Bald Eagle,USA,Mountains,Bird
Emperor Penguin,Antarctica,Ice Sheets,Bird
Green Anaconda,Brazil,Swamp,Reptile
Red Fox,Canada,Forest,Mammal
African Elephant,Kenya,Savannah,Mammal
Bengal Tiger,India,Forest,Mammal
Dolphin,Mexico,Ocean,Mammal
Green Anaconda,Brazil,Swamp,Reptile
Emperor Penguin,Antarctica,Ice Sheets,Bird
Komodo Dragon,Indonesia,Tropical Forest,Reptile
Red Fox,Canada,Forest,Mammal
Dolphin,Mexico,Ocean,Mammal
Blue Whale,Global,Ocean,Mammal
Blue Whale,Global,Ocean,Mammal
Bengal Tiger,India,Forest,Mammal
Komodo Dragon,Indonesia,Tropical Forest,Reptile
Great White Shark,Australia,Ocean,Fish
Dolphin,Mexico,Ocean,Mammal
Emperor Penguin,Antarctica,Ice Sheets,Bird
Dolphin,Mexico,Ocean,Mammal
Emperor Penguin,Antarctica,Ice Sheets,Bird
African Elephant,Kenya,Savannah,Mammal
Dolphin,Mexico,Ocean,Mammal
Komodo Dragon,Indonesia,Tropical Forest,Reptile
Blue Whale,Global,Ocean,Mammal
Green Anaconda,Brazil,Swamp,Reptile
Dolphin,Mexico,Ocean,Mammal
Bengal Tiger,India,Forest,Mammal
African Elephant,Kenya,Savannah,Mammal
Red Fox,Canada,Forest,Mammal
Komodo Dragon,Indonesia,Tropical Forest,Reptile
Bengal Tiger,India,Forest,Mammal
Blue Whale,Global,Ocean,Mammal
Green Anaconda,Brazil,Swamp,Reptile
Bald Eagle,USA,Mountains,Bird
African Elephant,Kenya,Savannah,Mammal
Emperor Penguin,Antarctica,Ice Sheets,Bird
African Elephant,Kenya,Savannah,Mammal
African Elephant,Kenya,Savannah,Mammal
Bald Eagle,USA,Mountains,Bird
Emperor Penguin,Antarctica,Ice Sheets,Bird
Bengal Tiger,India,Forest,Mammal
Red Fox,Canada,Forest,Mammal
Dolphin,Mexico,Ocean,Mammal
Great White Shark,Australia,Ocean,Fish
Red Fox,Canada,Forest,Mammal
African Elephant,Kenya,Savannah,Mammal
Dolphin,Mexico,Ocean,Mammal
Bengal Tiger,India,Forest,Mammal
Blue Whale,Global,Ocean,Mammal
Blue Whale,Global,Ocean,Mammal
Blue Whale,Global,Ocean,Mammal
African Elephant,Kenya,Savannah,Mammal
African Elephant,Kenya,Savannah,Mammal
Blue Whale,Global,Ocean,Mammal
Bengal Tiger,India,Forest,Mammal
African Elephant,Kenya,Savannah,Mammal
Dolphin,Mexico,Ocean,Mammal
Dolphin,Mexico,Ocean,Mammal
Dolphin,Mexico,Ocean,Mammal
Dolphin,Mexico,Ocean,Mammal
Emperor Penguin,Antarctica,Ice Sheets,Bird
Bengal Tiger,India,Forest,Mammal
Bald Eagle,USA,Mountains,Bird
Komodo Dragon,Indonesia,Tropical Forest,Reptile
Blue Whale,Global,Ocean,Mammal
Komodo Dragon,Indonesia,Tropical Forest,Reptile
Great White Shark,Australia,Ocean,Fish
Green Anaconda,Brazil,Swamp,Reptile
Bengal Tiger,India,Forest,Mammal
Bald Eagle,USA,Mountains,Bird
Bengal Tiger,India,Forest,Mammal
Green Anaconda,Brazil,Swamp,Reptile
Emperor Penguin,Antarctica,Ice Sheets,Bird
Bald Eagle,USA,Mountains,Bird
Komodo Dragon,Indonesia,Tropical Forest,Reptile
Komodo Dragon,Indonesia,Tropical Forest,Reptile
Green Anaconda,Brazil,Swamp,Reptile
Blue Whale,Global,Ocean,Mammal
Bengal Tiger,India,Forest,Mammal
Great White Shark,Australia,Ocean,Fish
Red Fox,Canada,Forest,Mammal
Red Fox,Canada,Forest,Mammal
Red Fox,Canada,Forest,Mammal
Green Anaconda,Brazil,Swamp,Reptile
Komodo Dragon,Indonesia,Tropical Forest,Reptile
Dolphin,Mexico,Ocean,Mammal
Emperor Penguin,Antarctica,Ice Sheets,Bird
Blue Whale,Global,Ocean,Mammal
Great White Shark,Australia,Ocean,Fish
Komodo Dragon,Indonesia,Tropical Forest,Reptile
Green Anaconda,Brazil,Swamp,Reptile
Bald Eagle,USA,Mountains,Bird
Blue Whale,Global,Ocean,Mammal
Dolphin,Mexico,Ocean,Mammal
Komodo Dragon,Indonesia,Tropical Forest,Reptile
Komodo Dragon,Indonesia,Tropical Forest,Reptile
Blue Whale,Global,Ocean,Mammal
Emperor Penguin,Antarctica,Ice Sheets,Bird
Bald Eagle,USA,Mountains,Bird
Dolphin,Mexico,Ocean,Mammal
Dolphin,Mexico,Ocean,Mammal
African Elephant,Kenya,Savannah,Mammal
Red Fox,Canada,Forest,Mammal
Komodo Dragon,Indonesia,Tropical Forest,Reptile
Bengal Tiger,India,Forest,Mammal
Komodo Dragon,Indonesia,Tropical Forest,Reptile
Dolphin,Mexico,Ocean,Mammal
Great White Shark,Australia,Ocean,Fish
Komodo Dragon,Indonesia,Tropical Forest,Reptile
Emperor Penguin,Antarctica,Ice Sheets,Bird
Bald Eagle,USA,Mountains,Bird
Komodo Dragon,Indonesia,Tropical Forest,Reptile
Komodo Dragon,Indonesia,Tropical Forest,Reptile
Dolphin,Mexico,Ocean,Mammal
Blue Whale,Global,Ocean,Mammal
Bald Eagle,USA,Mountains,Bird
Great White Shark,Australia,Ocean,Fish
Bengal Tiger,India,Forest,Mammal
Blue Whale,Global,Ocean,Mammal
Red Fox,Canada,Forest,Mammal
Komodo Dragon,Indonesia,Tropical Forest,Reptile
Dolphin,Mexico,Ocean,Mammal
Blue Whale,Global,Ocean,Mammal
Green Anaconda,Brazil,Swamp,Reptile
African Elephant,Kenya,Savannah,Mammal
Dolphin,Mexico,Ocean,Mammal
African Elephant,Kenya,Savannah,Mammal
Great White Shark,Australia,Ocean,Fish
African Elephant,Kenya,Savannah,Mammal
Emperor Penguin,Antarctica,Ice Sheets,Bird
Bald Eagle,USA,Mountains,Bird
Blue Whale,Global,Ocean,Mammal
African Elephant,Kenya,Savannah,Mammal
Dolphin,Mexico,Ocean,Mammal
Bald Eagle,USA,Mountains,Bird
Great White Shark,Australia,Ocean,Fish
Blue Whale,Global,Ocean,Mammal
Bald Eagle,USA,Mountains,Bird
Green Anaconda,Brazil,Swamp,Reptile
Red Fox,Canada,Forest,Mammal
Emperor Penguin,Antarctica,Ice Sheets,Bird
Bengal Tiger,India,Forest,Mammal
Emperor Penguin,Antarctica,Ice Sheets,Bird
Bengal Tiger,India,Forest,Mammal
Green Anaconda,Brazil,Swamp,Reptile
Emperor Penguin,Antarctica,Ice Sheets,Bird
Emperor Penguin,Antarctica,Ice Sheets,Bird
Emperor Penguin,Antarctica,Ice Sheets,Bird
Bengal Tiger,India,Forest,Mammal
Dolphin,Mexico,Ocean,Mammal
Bengal Tiger,India,Forest,Mammal
Green Anaconda,Brazil,Swamp,Reptile
Green Anaconda,Brazil,Swamp,Reptile
Blue Whale,Global,Ocean,Mammal
African Elephant,Kenya,Savannah,Mammal
Bald Eagle,USA,Mountains,Bird
Green Anaconda,Brazil,Swamp,Reptile
Emperor Penguin,Antarctica,Ice Sheets,Bird
African Elephant,Kenya,Savannah,Mammal
Blue Whale,Global,Ocean,Mammal
Dolphin,Mexico,Ocean,Mammal
Great White Shark,Australia,Ocean,Fish
Dolphin,Mexico,Ocean,Mammal
Bald Eagle,USA,Mountains,Bird
Bald Eagle,USA,Mountains,Bird
Blue Whale,Global,Ocean,Mammal
Bald Eagle,USA,Mountains,Bird
Komodo Dragon,Indonesia,Tropical Forest,Reptile
Blue Whale,Global,Ocean,Mammal
Great White Shark,Australia,Ocean,Fish
African Elephant,Kenya,Savannah,Mammal
Red Fox,Canada,Forest,Mammal
Green Anaconda,Brazil,Swamp,Reptile
African Elephant,Kenya,Savannah,Mammal
Bald Eagle,USA,Mountains,Bird
Blue Whale,Global,Ocean,Mammal
Green Anaconda,Brazil,Swamp,Reptile
Emperor Penguin,Antarctica,Ice Sheets,Bird
African Elephant,Kenya,Savannah,Mammal
Great White Shark,Australia,Ocean,Fish
Bengal Tiger,India,Forest,Mammal
African Elephant,Kenya,Savannah,Mammal
Bald Eagle,USA,Mountains,Bird
Red Fox,Canada,Forest,Mammal
Dolphin,Mexico,Ocean,Mammal
Komodo Dragon,Indonesia,Tropical Forest,Reptile
Green Anaconda,Brazil,Swamp,Reptile
Red Fox,Canada,Forest,Mammal
Emperor Penguin,Antarctica,Ice Sheets,Bird
Green Anaconda,Brazil,Swamp,Reptile
Blue Whale,Global,Ocean,Mammal
Emperor Penguin,Antarctica,Ice Sheets,Bird
Dolphin,Mexico,Ocean,Mammal
Dolphin,Mexico,Ocean,Mammal
Dolphin,Mexico,Ocean,Mammal
Great White Shark,Australia,Ocean,Fish
Blue Whale,Global,Ocean,Mammal
Great White Shark,Australia,Ocean,Fish
Komodo Dragon,Indonesia,Tropical Forest,Reptile
Green Anaconda,Brazil,Swamp,Reptile
Emperor Penguin,Antarctica,Ice Sheets,Bird
Blue Whale,Global,Ocean,Mammal
Great White Shark,Australia,Ocean,Fish
African Elephant,Kenya,Savannah,Mammal
Komodo Dragon,Indonesia,Tropical Forest,Reptile
African Elephant,Kenya,Savannah,Mammal
African Elephant,Kenya,Savannah,Mammal
Bald Eagle,USA,Mountains,Bird
Bengal Tiger,India,Forest,Mammal
Blue Whale,Global,Ocean,Mammal
Green Anaconda,Brazil,Swamp,Reptile
Blue Whale,Global,Ocean,Mammal
Bengal Tiger,India,Forest,Mammal
Green Anaconda,Brazil,Swamp,Reptile
Red Fox,Canada,Forest,Mammal
Emperor Penguin,Antarctica,Ice Sheets,Bird
Bald Eagle,USA,Mountains,Bird
Bengal Tiger,India,Forest,Mammal
Red Fox,Canada,Forest,Mammal
Red Fox,Canada,Forest,Mammal
Red Fox,Canada,Forest,Mammal
Bengal Tiger,India,Forest,Mammal
Great White Shark,Australia,Ocean,Fish
African Elephant,Kenya,Savannah,Mammal
Bengal Tiger,India,Forest,Mammal
Emperor Penguin,Antarctica,Ice Sheets,Bird
Dolphin,Mexico,Ocean,Mammal
African Elephant,Kenya,Savannah,Mammal
Komodo Dragon,Indonesia,Tropical Forest,Reptile
African Elephant,Kenya,Savannah,Mammal
African Elephant,Kenya,Savannah,Mammal
Green Anaconda,Brazil,Swamp,Reptile
Dolphin,Mexico,Ocean,Mammal
Komodo Dragon,Indonesia,Tropical Forest,Reptile
Komodo Dragon,Indonesia,Tropical Forest,Reptile
Red Fox,Canada,Forest,Mammal
Blue Whale,Global,Ocean,Mammal
Emperor Penguin,Antarctica,Ice Sheets,Bird
Bengal Tiger,India,Forest,Mammal
African Elephant,Kenya,Savannah,Mammal
Red Fox,Canada,Forest,Mammal
Great White Shark,Australia,Ocean,Fish
Dolphin,Mexico,Ocean,Mammal
Dolphin,Mexico,Ocean,Mammal
Green Anaconda,Brazil,Swamp,Reptile
Komodo Dragon,Indonesia,Tropical Forest,Reptile
Bald Eagle,USA,Mountains,Bird
Bald Eagle,USA,Mountains,Bird
African Elephant,Kenya,Savannah,Mammal
Komodo Dragon,Indonesia,Tropical Forest,Reptile
Bald Eagle,USA,Mountains,Bird
Emperor Penguin,Antarctica,Ice Sheets,Bird
Komodo Dragon,Indonesia,Tropical Forest,Reptile
Bengal Tiger,India,Forest,Mammal
Komodo Dragon,Indonesia,Tropical Forest,Reptile
Blue Whale,Global,Ocean,Mammal
Dolphin,Mexico,Ocean,Mammal
Bengal Tiger,India,Forest,Mammal
Bengal Tiger,India,Forest,Mammal
Great White Shark,Australia,Ocean,Fish
Blue Whale,Global,Ocean,Mammal
Bengal Tiger,India,Forest,Mammal
Great White Shark,Australia,Ocean,Fish
Bengal Tiger,India,Forest,Mammal
Komodo Dragon,Indonesia,Tropical Forest,Reptile
Emperor Penguin,Antarctica,Ice Sheets,Bird
Great White Shark,Australia,Ocean,Fish
Bengal Tiger,India,Forest,Mammal
Great White Shark,Australia,Ocean,Fish
Bald Eagle,USA,Mountains,Bird
Emperor Penguin,Antarctica,Ice Sheets,Bird
Komodo Dragon,Indonesia,Tropical Forest,Reptile
Emperor Penguin,Antarctica,Ice Sheets,Bird
Great White Shark,Australia,Ocean,Fish
Red Fox,Canada,Forest,Mammal
Komodo Dragon,Indonesia,Tropical Forest,Reptile
Red Fox,Canada,Forest,Mammal
Dolphin,Mexico,Ocean,Mammal
Bengal Tiger,India,Forest,Mammal
Great White Shark,Australia,Ocean,Fish
Great White Shark,Australia,Ocean,Fish
Green Anaconda,Brazil,Swamp,Reptile
African Elephant,Kenya,Savannah,Mammal
Great White Shark,Australia,Ocean,Fish
African Elephant,Kenya,Savannah,Mammal
Green Anaconda,Brazil,Swamp,Reptile
Bald Eagle,USA,Mountains,Bird
Emperor Penguin,Antarctica,Ice Sheets,Bird
Blue Whale,Global,Ocean,Mammal
African Elephant,Kenya,Savannah,Mammal
Emperor Penguin,Antarctica,Ice Sheets,Bird
Blue Whale,Global,Ocean,Mammal
Komodo Dragon,Indonesia,Tropical Forest,Reptile
African Elephant,Kenya,Savannah,Mammal
Great White Shark,Australia,Ocean,Fish
Red Fox,Canada,Forest,Mammal
Dolphin,Mexico,Ocean,Mammal
Blue Whale,Global,Ocean,Mammal
Blue Whale,Global,Ocean,Mammal
African Elephant,Kenya,Savannah,Mammal
Blue Whale,Global,Ocean,Mammal
Green Anaconda,Brazil,Swamp,Reptile
Green Anaconda,Brazil,Swamp,Reptile
Great White Shark,Australia,Ocean,Fish
African Elephant,Kenya,Savannah,Mammal
Dolphin,Mexico,Ocean,Mammal
Bengal Tiger,India,Forest,Mammal
Green Anaconda,Brazil,Swamp,Reptile
Dolphin,Mexico,Ocean,Mammal
African Elephant,Kenya,Savannah,Mammal
Green Anaconda,Brazil,Swamp,Reptile
Bald Eagle,USA,Mountains,Bird
Green Anaconda,Brazil,Swamp,Reptile
African Elephant,Kenya,Savannah,Mammal
Dolphin,Mexico,Ocean,Mammal
Komodo Dragon,Indonesia,Tropical Forest,Reptile
Blue Whale,Global,Ocean,Mammal
African Elephant,Kenya,Savannah,Mammal
Green Anaconda,Brazil,Swamp,Reptile
African Elephant,Kenya,Savannah,Mammal
Green Anaconda,Brazil,Swamp,Reptile
Komodo Dragon,Indonesia,Tropical Forest,Reptile
Green Anaconda,Brazil,Swamp,Reptile
Komodo Dragon,Indonesia,Tropical Forest,Reptile
Blue Whale,Global,Ocean,Mammal
Bald Eagle,USA,Mountains,Bird
Red Fox,Canada,Forest,Mammal
Emperor Penguin,Antarctica,Ice Sheets,Bird
African Elephant,Kenya,Savannah,Mammal
African Elephant,Kenya,Savannah,Mammal
Komodo Dragon,Indonesia,Tropical Forest,Reptile
African Elephant,Kenya,Savannah,Mammal
Bald Eagle,USA,Mountains,Bird
Great White Shark,Australia,Ocean,Fish
Blue Whale,Global,Ocean,Mammal
Dolphin,Mexico,Ocean,Mammal
Great White Shark,Australia,Ocean,Fish
Komodo Dragon,Indonesia,Tropical Forest,Reptile
Emperor Penguin,Antarctica,Ice Sheets,Bird
Bengal Tiger,India,Forest,Mammal
Emperor Penguin,Antarctica,Ice Sheets,Bird
Red Fox,Canada,Forest,Mammal
Bengal Tiger,India,Forest,Mammal
Red Fox,Canada,Forest,Mammal
Great White Shark,Australia,Ocean,Fish
Blue Whale,Global,Ocean,Mammal
Dolphin,Mexico,Ocean,Mammal
Dolphin,Mexico,Ocean,Mammal
Green Anaconda,Brazil,Swamp,Reptile
Bengal Tiger,India,Forest,Mammal
Bald Eagle,USA,Mountains,Bird
African Elephant,Kenya,Savannah,Mammal
Blue Whale,Global,Ocean,Mammal
Bald Eagle,USA,Mountains,Bird
Emperor Penguin,Antarctica,Ice Sheets,Bird
Bald Eagle,USA,Mountains,Bird
Emperor Penguin,Antarctica,Ice Sheets,Bird
Great White Shark,Australia,Ocean,Fish
African Elephant,Kenya,Savannah,Mammal
Great White Shark,Australia,Ocean,Fish
Dolphin,Mexico,Ocean,Mammal
Bengal Tiger,India,Forest,Mammal
Bald Eagle,USA,Mountains,Bird
Emperor Penguin,Antarctica,Ice Sheets,Bird
Dolphin,Mexico,Ocean,Mammal
Blue Whale,Global,Ocean,Mammal
Blue Whale,Global,Ocean,Mammal
Red Fox,Canada,Forest,Mammal
Emperor Penguin,Antarctica,Ice Sheets,Bird
Bald Eagle,USA,Mountains,Bird
Blue Whale,Global,Ocean,Mammal
Dolphin,Mexico,Ocean,Mammal
Komodo Dragon,Indonesia,Tropical Forest,Reptile
African Elephant,Kenya,Savannah,Mammal
Great White Shark,Australia,Ocean,Fish
Blue Whale,Global,Ocean,Mammal
Emperor Penguin,Antarctica,Ice Sheets,Bird
Komodo Dragon,Indonesia,Tropical Forest,Reptile
Bald Eagle,USA,Mountains,Bird
Red Fox,Canada,Forest,Mammal
Komodo Dragon,Indonesia,Tropical Forest,Reptile
Green Anaconda,Brazil,Swamp,Reptile
Bald Eagle,USA,Mountains,Bird
African Elephant,Kenya,Savannah,Mammal
Green Anaconda,Brazil,Swamp,Reptile
Green Anaconda,Brazil,Swamp,Reptile
Dolphin,Mexico,Ocean,Mammal
Green Anaconda,Brazil,Swamp,Reptile
Green Anaconda,Brazil,Swamp,Reptile
Green Anaconda,Brazil,Swamp,Reptile
Blue Whale,Global,Ocean,Mammal
Bald Eagle,USA,Mountains,Bird
Great White Shark,Australia,Ocean,Fish
Blue Whale,Global,Ocean,Mammal
Komodo Dragon,Indonesia,Tropical Forest,Reptile
Great White Shark,Australia,Ocean,Fish
African Elephant,Kenya,Savannah,Mammal
Bengal Tiger,India,Forest,Mammal
Dolphin,Mexico,Ocean,Mammal
Bald Eagle,USA,Mountains,Bird
Komodo Dragon,Indonesia,Tropical Forest,Reptile
Bald Eagle,USA,Mountains,Bird
Green Anaconda,Brazil,Swamp,Reptile
Dolphin,Mexico,Ocean,Mammal
Red Fox,Canada,Forest,Mammal
Emperor Penguin,Antarctica,Ice Sheets,Bird
Bald Eagle,USA,Mountains,Bird
Red Fox,Canada,Forest,Mammal
Komodo Dragon,Indonesia,Tropical Forest,Reptile
Dolphin,Mexico,Ocean,Mammal
Bald Eagle,USA,Mountains,Bird
Bald Eagle,USA,Mountains,Bird
Bald Eagle,USA,Mountains,Bird
Green Anaconda,Brazil,Swamp,Reptile
Great White Shark,Australia,Ocean,Fish
Emperor Penguin,Antarctica,Ice Sheets,Bird
Dolphin,Mexico,Ocean,Mammal
Red Fox,Canada,Forest,Mammal
Emperor Penguin,Antarctica,Ice Sheets,Bird
Green Anaconda,Brazil,Swamp,Reptile
Dolphin,Mexico,Ocean,Mammal
Green Anaconda,Brazil,Swamp,Reptile
Komodo Dragon,Indonesia,Tropical Forest,Reptile
Bald Eagle,USA,Mountains,Bird
Emperor Penguin,Antarctica,Ice Sheets,Bird
Komodo Dragon,Indonesia,Tropical Forest,Reptile
Bengal Tiger,India,Forest,Mammal
Bald Eagle,USA,Mountains,Bird
Blue Whale,Global,Ocean,Mammal
African Elephant,Kenya,Savannah,Mammal
African Elephant,Kenya,Savannah,Mammal
Blue Whale,Global,Ocean,Mammal
Dolphin,Mexico,Ocean,Mammal
Dolphin,Mexico,Ocean,Mammal
Blue Whale,Global,Ocean,Mammal
Bengal Tiger,India,Forest,Mammal
African Elephant,Kenya,Savannah,Mammal
Komodo Dragon,Indonesia,Tropical Forest,Reptile
Green Anaconda,Brazil,Swamp,Reptile
Green Anaconda,Brazil,Swamp,Reptile
Dolphin,Mexico,Ocean,Mammal
Emperor Penguin,Antarctica,Ice Sheets,Bird
Green Anaconda,Brazil,Swamp,Reptile
Bengal Tiger,India,Forest,Mammal
Green Anaconda,Brazil,Swamp,Reptile
African Elephant,Kenya,Savannah,Mammal
Green Anaconda,Brazil,Swamp,Reptile
Bengal Tiger,India,Forest,Mammal
Red Fox,Canada,Forest,Mammal
Bald Eagle,USA,Mountains,Bird
African Elephant,Kenya,Savannah,Mammal
Emperor Penguin,Antarctica,Ice Sheets,Bird
African Elephant,Kenya,Savannah,Mammal
Bald Eagle,USA,Mountains,Bird
Emperor Penguin,Antarctica,Ice Sheets,Bird
Dolphin,Mexico,Ocean,Mammal
Great White Shark,Australia,Ocean,Fish
Green Anaconda,Brazil,Swamp,Reptile
African Elephant,Kenya,Savannah,Mammal
Komodo Dragon,Indonesia,Tropical Forest,Reptile
Komodo Dragon,Indonesia,Tropical Forest,Reptile
African Elephant,Kenya,Savannah,Mammal
Blue Whale,Global,Ocean,Mammal
Green Anaconda,Brazil,Swamp,Reptile
Komodo Dragon,Indonesia,Tropical Forest,Reptile
Great White Shark,Australia,Ocean,Fish
Bengal Tiger,India,Forest,Mammal
Dolphin,Mexico,Ocean,Mammal
Great White Shark,Australia,Ocean,Fish
Blue Whale,Global,Ocean,Mammal
Green Anaconda,Brazil,Swamp,Reptile
Green Anaconda,Brazil,Swamp,Reptile
Great White Shark,Australia,Ocean,Fish
Bengal Tiger,India,Forest,Mammal
Red Fox,Canada,Forest,Mammal
Bengal Tiger,India,Forest,Mammal
Red Fox,Canada,Forest,Mammal
Blue Whale,Global,Ocean,Mammal
Red Fox,Canada,Forest,Mammal
African Elephant,Kenya,Savannah,Mammal
Emperor Penguin,Antarctica,Ice Sheets,Bird
Bald Eagle,USA,Mountains,Bird
Red Fox,Canada,Forest,Mammal
Bald Eagle,USA,Mountains,Bird
Green Anaconda,Brazil,Swamp,Reptile
Emperor Penguin,Antarctica,Ice Sheets,Bird
Emperor Penguin,Antarctica,Ice Sheets,Bird
Bald Eagle,USA,Mountains,Bird
Emperor Penguin,Antarctica,Ice Sheets,Bird
Green Anaconda,Brazil,Swamp,Reptile
Emperor Penguin,Antarctica,Ice Sheets,Bird
African Elephant,Kenya,Savannah,Mammal
Emperor Penguin,Antarctica,Ice Sheets,Bird
Bald Eagle,USA,Mountains,Bird
Bengal Tiger,India,Forest,Mammal
African Elephant,Kenya,Savannah,Mammal
Red Fox,Canada,Forest,Mammal
Bald Eagle,USA,Mountains,Bird
Green Anaconda,Brazil,Swamp,Reptile
Green Anaconda,Brazil,Swamp,Reptile
Dolphin,Mexico,Ocean,Mammal
Bengal Tiger,India,Forest,Mammal
Dolphin,Mexico,Ocean,Mammal
African Elephant,Kenya,Savannah,Mammal
African Elephant,Kenya,Savannah,Mammal
Blue Whale,Global,Ocean,Mammal
Bengal Tiger,India,Forest,Mammal
African Elephant,Kenya,Savannah,Mammal
Bengal Tiger,India,Forest,Mammal
Dolphin,Mexico,Ocean,Mammal
Emperor Penguin,Antarctica,Ice Sheets,Bird
Emperor Penguin,Antarctica,Ice Sheets,Bird
Dolphin,Mexico,Ocean,Mammal
Bengal Tiger,India,Forest,Mammal
Bald Eagle,USA,Mountains,Bird
Red Fox,Canada,Forest,Mammal
Green Anaconda,Brazil,Swamp,Reptile
Blue Whale,Global,Ocean,Mammal
Red Fox,Canada,Forest,Mammal
Green Anaconda,Brazil,Swamp,Reptile
Great White Shark,Australia,Ocean,Fish
Emperor Penguin,Antarctica,Ice Sheets,Bird
Great White Shark,Australia,Ocean,Fish
Green Anaconda,Brazil,Swamp,Reptile
Komodo Dragon,Indonesia,Tropical Forest,Reptile
Emperor Penguin,Antarctica,Ice Sheets,Bird
Emperor Penguin,Antarctica,Ice Sheets,Bird
Bengal Tiger,India,Forest,Mammal
Komodo Dragon,Indonesia,Tropical Forest,Reptile
Green Anaconda,Brazil,Swamp,Reptile
Blue Whale,Global,Ocean,Mammal
Emperor Penguin,Antarctica,Ice Sheets,Bird
Bald Eagle,USA,Mountains,Bird
Blue Whale,Global,Ocean,Mammal
Dolphin,Mexico,Ocean,Mammal
Komodo Dragon,Indonesia,Tropical Forest,Reptile
African Elephant,Kenya,Savannah,Mammal
Bengal Tiger,India,Forest,Mammal
Green Anaconda,Brazil,Swamp,Reptile
Blue Whale,Global,Ocean,Mammal
Green Anaconda,Brazil,Swamp,Reptile
Dolphin,Mexico,Ocean,Mammal
Emperor Penguin,Antarctica,Ice Sheets,Bird
Great White Shark,Australia,Ocean,Fish
Bengal Tiger,India,Forest,Mammal
Dolphin,Mexico,Ocean,Mammal
African Elephant,Kenya,Savannah,Mammal
Green Anaconda,Brazil,Swamp,Reptile
Green Anaconda,Brazil,Swamp,Reptile
Bengal Tiger,India,Forest,Mammal
Green Anaconda,Brazil,Swamp,Reptile
Blue Whale,Global,Ocean,Mammal
Blue Whale,Global,Ocean,Mammal
African Elephant,Kenya,Savannah,Mammal
Great White Shark,Australia,Ocean,Fish
African Elephant,Kenya,Savannah,Mammal
Blue Whale,Global,Ocean,Mammal
Dolphin,Mexico,Ocean,Mammal
Dolphin,Mexico,Ocean,Mammal
Bengal Tiger,India,Forest,Mammal
Red Fox,Canada,Forest,Mammal
Emperor Penguin,Antarctica,Ice Sheets,Bird
Bengal Tiger,India,Forest,Mammal
Green Anaconda,Brazil,Swamp,Reptile
Bengal Tiger,India,Forest,Mammal
Bald Eagle,USA,Mountains,Bird
Emperor Penguin,Antarctica,Ice Sheets,Bird
Bald Eagle,USA,Mountains,Bird
Dolphin,Mexico,Ocean,Mammal
Great White Shark,Australia,Ocean,Fish
Dolphin,Mexico,Ocean,Mammal
Red Fox,Canada,Forest,Mammal
Komodo Dragon,Indonesia,Tropical Forest,Reptile
Green Anaconda,Brazil,Swamp,Reptile
Dolphin,Mexico,Ocean,Mammal
Blue Whale,Global,Ocean,Mammal
Great White Shark,Australia,Ocean,Fish
Dolphin,Mexico,Ocean,Mammal
Bald Eagle,USA,Mountains,Bird
Red Fox,Canada,Forest,Mammal
African Elephant,Kenya,Savannah,Mammal
Dolphin,Mexico,Ocean,Mammal
African Elephant,Kenya,Savannah,Mammal
Bald Eagle,USA,Mountains,Bird
African Elephant,Kenya,Savannah,Mammal
Great White Shark,Australia,Ocean,Fish
Great White Shark,Australia,Ocean,Fish
Komodo Dragon,Indonesia,Tropical Forest,Reptile
Emperor Penguin,Antarctica,Ice Sheets,Bird
Dolphin,Mexico,Ocean,Mammal
Bald Eagle,USA,Mountains,Bird
Red Fox,Canada,Forest,Mammal
Bald Eagle,USA,Mountains,Bird
Great White Shark,Australia,Ocean,Fish
Green Anaconda,Brazil,Swamp,Reptile
Dolphin,Mexico,Ocean,Mammal
African Elephant,Kenya,Savannah,Mammal
Emperor Penguin,Antarctica,Ice Sheets,Bird
Green Anaconda,Brazil,Swamp,Reptile
Great White Shark,Australia,Ocean,Fish
Red Fox,Canada,Forest,Mammal
African Elephant,Kenya,Savannah,Mammal
African Elephant,Kenya,Savannah,Mammal
Blue Whale,Global,Ocean,Mammal
Great White Shark,Australia,Ocean,Fish
Emperor Penguin,Antarctica,Ice Sheets,Bird
Great White Shark,Australia,Ocean,Fish
Emperor Penguin,Antarctica,Ice Sheets,Bird
Bald Eagle,USA,Mountains,Bird
Green Anaconda,Brazil,Swamp,Reptile
African Elephant,Kenya,Savannah,Mammal
Bald Eagle,USA,Mountains,Bird
Dolphin,Mexico,Ocean,Mammal
Emperor Penguin,Antarctica,Ice Sheets,Bird
Komodo Dragon,Indonesia,Tropical Forest,Reptile
Bengal Tiger,India,Forest,Mammal
Blue Whale,Global,Ocean,Mammal
Red Fox,Canada,Forest,Mammal
Green Anaconda,Brazil,Swamp,Reptile
Dolphin,Mexico,Ocean,Mammal
Komodo Dragon,Indonesia,Tropical Forest,Reptile
Great White Shark,Australia,Ocean,Fish
Blue Whale,Global,Ocean,Mammal
Emperor Penguin,Antarctica,Ice Sheets,Bird
Emperor Penguin,Antarctica,Ice Sheets,Bird
Bengal Tiger,India,Forest,Mammal
Great White Shark,Australia,Ocean,Fish
Green Anaconda,Brazil,Swamp,Reptile
Green Anaconda,Brazil,Swamp,Reptile
African Elephant,Kenya,Savannah,Mammal
Dolphin,Mexico,Ocean,Mammal
African Elephant,Kenya,Savannah,Mammal
Bengal Tiger,India,Forest,Mammal
Emperor Penguin,Antarctica,Ice Sheets,Bird
Great White Shark,Australia,Ocean,Fish
Emperor Penguin,Antarctica,Ice Sheets,Bird
Dolphin,Mexico,Ocean,Mammal
Green Anaconda,Brazil,Swamp,Reptile
Red Fox,Canada,Forest,Mammal
Blue Whale,Global,Ocean,Mammal
Great White Shark,Australia,Ocean,Fish
Emperor Penguin,Antarctica,Ice Sheets,Bird
African Elephant,Kenya,Savannah,Mammal
Blue Whale,Global,Ocean,Mammal
Komodo Dragon,Indonesia,Tropical Forest,Reptile
Dolphin,Mexico,Ocean,Mammal
Komodo Dragon,Indonesia,Tropical Forest,Reptile
African Elephant,Kenya,Savannah,Mammal
African Elephant,Kenya,Savannah,Mammal
Red Fox,Canada,Forest,Mammal
Great White Shark,Australia,Ocean,Fish
Bald Eagle,USA,Mountains,Bird
Bengal Tiger,India,Forest,Mammal
Bengal Tiger,India,Forest,Mammal
Dolphin,Mexico,Ocean,Mammal
Komodo Dragon,Indonesia,Tropical Forest,Reptile
Green Anaconda,Brazil,Swamp,Reptile
Great White Shark,Australia,Ocean,Fish
Dolphin,Mexico,Ocean,Mammal
Blue Whale,Global,Ocean,Mammal
Green Anaconda,Brazil,Swamp,Reptile
Komodo Dragon,Indonesia,Tropical Forest,Reptile
Blue Whale,Global,Ocean,Mammal
Red Fox,Canada,Forest,Mammal
Bengal Tiger,India,Forest,Mammal
Bald Eagle,USA,Mountains,Bird
African Elephant,Kenya,Savannah,Mammal
Red Fox,Canada,Forest,Mammal
African Elephant,Kenya,Savannah,Mammal
Dolphin,Mexico,Ocean,Mammal
Great White Shark,Australia,Ocean,Fish
Dolphin,Mexico,Ocean,Mammal
Green Anaconda,Brazil,Swamp,Reptile
Bengal Tiger,India,Forest,Mammal
Dolphin,Mexico,Ocean,Mammal
Komodo Dragon,Indonesia,Tropical Forest,Reptile
Dolphin,Mexico,Ocean,Mammal
Red Fox,Canada,Forest,Mammal
Bald Eagle,USA,Mountains,Bird
Blue Whale,Global,Ocean,Mammal
Dolphin,Mexico,Ocean,Mammal
Emperor Penguin,Antarctica,Ice Sheets,Bird
Red Fox,Canada,Forest,Mammal
Emperor Penguin,Antarctica,Ice Sheets,Bird
Dolphin,Mexico,Ocean,Mammal
African Elephant,Kenya,Savannah,Mammal
Bengal Tiger,India,Forest,Mammal
Red Fox,Canada,Forest,Mammal
African Elephant,Kenya,Savannah,Mammal
Green Anaconda,Brazil,Swamp,Reptile
Dolphin,Mexico,Ocean,Mammal
African Elephant,Kenya,Savannah,Mammal
Green Anaconda,Brazil,Swamp,Reptile
African Elephant,Kenya,Savannah,Mammal
Red Fox,Canada,Forest,Mammal
Dolphin,Mexico,Ocean,Mammal
Komodo Dragon,Indonesia,Tropical Forest,Reptile
Dolphin,Mexico,Ocean,Mammal
Emperor Penguin,Antarctica,Ice Sheets,Bird
Red Fox,Canada,Forest,Mammal
Red Fox,Canada,Forest,Mammal
Dolphin,Mexico,Ocean,Mammal
Great White Shark,Australia,Ocean,Fish
Bengal Tiger,India,Forest,Mammal
Dolphin,Mexico,Ocean,Mammal
Great White Shark,Australia,Ocean,Fish
Blue Whale,Global,Ocean,Mammal
Komodo Dragon,Indonesia,Tropical Forest,Reptile
Komodo Dragon,Indonesia,Tropical Forest,Reptile
Emperor Penguin,Antarctica,Ice Sheets,Bird
Bengal Tiger,India,Forest,Mammal
Dolphin,Mexico,Ocean,Mammal
Bald Eagle,USA,Mountains,Bird
Great White Shark,Australia,Ocean,Fish
Red Fox,Canada,Forest,Mammal
Bengal Tiger,India,Forest,Mammal
Green Anaconda,Brazil,Swamp,Reptile
Komodo Dragon,Indonesia,Tropical Forest,Reptile
Great White Shark,Australia,Ocean,Fish
Green Anaconda,Brazil,Swamp,Reptile
Green Anaconda,Brazil,Swamp,Reptile
Red Fox,Canada,Forest,Mammal
Blue Whale,Global,Ocean,Mammal
Emperor Penguin,Antarctica,Ice Sheets,Bird
Dolphin,Mexico,Ocean,Mammal
Bald Eagle,USA,Mountains,Bird
African Elephant,Kenya,Savannah,Mammal
Komodo Dragon,Indonesia,Tropical Forest,Reptile
Bengal Tiger,India,Forest,Mammal
Blue Whale,Global,Ocean,Mammal
Green Anaconda,Brazil,Swamp,Reptile
Blue Whale,Global,Ocean,Mammal
Green Anaconda,Brazil,Swamp,Reptile
Red Fox,Canada,Forest,Mammal
Great White Shark,Australia,Ocean,Fish
Blue Whale,Global,Ocean,Mammal
Great White Shark,Australia,Ocean,Fish
Emperor Penguin,Antarctica,Ice Sheets,Bird
Blue Whale,Global,Ocean,Mammal
Great White Shark,Australia,Ocean,Fish
Blue Whale,Global,Ocean,Mammal
Blue Whale,Global,Ocean,Mammal
Bald Eagle,USA,Mountains,Bird
Great White Shark,Australia,Ocean,Fish
Bengal Tiger,India,Forest,Mammal
Great White Shark,Australia,Ocean,Fish
Bald Eagle,USA,Mountains,Bird
Blue Whale,Global,Ocean,Mammal
Red Fox,Canada,Forest,Mammal
Blue Whale,Global,Ocean,Mammal
Dolphin,Mexico,Ocean,Mammal
Great White Shark,Australia,Ocean,Fish
African Elephant,Kenya,Savannah,Mammal
Red Fox,Canada,Forest,Mammal
Dolphin,Mexico,Ocean,Mammal
Emperor Penguin,Antarctica,Ice Sheets,Bird
Komodo Dragon,Indonesia,Tropical Forest,Reptile
Dolphin,Mexico,Ocean,Mammal
Dolphin,Mexico,Ocean,Mammal
Bald Eagle,USA,Mountains,Bird
Dolphin,Mexico,Ocean,Mammal
Komodo Dragon,Indonesia,Tropical Forest,Reptile
Emperor Penguin,Antarctica,Ice Sheets,Bird
Great White Shark,Australia,Ocean,Fish
Green Anaconda,Brazil,Swamp,Reptile
Dolphin,Mexico,Ocean,Mammal
Komodo Dragon,Indonesia,Tropical Forest,Reptile
Dolphin,Mexico,Ocean,Mammal
Dolphin,Mexico,Ocean,Mammal
Komodo Dragon,Indonesia,Tropical Forest,Reptile
Komodo Dragon,Indonesia,Tropical Forest,Reptile
African Elephant,Kenya,Savannah,Mammal
Blue Whale,Global,Ocean,Mammal
Green Anaconda,Brazil,Swamp,Reptile
Great White Shark,Australia,Ocean,Fish
Bengal Tiger,India,Forest,Mammal
Komodo Dragon,Indonesia,Tropical Forest,Reptile
Great White Shark,Australia,Ocean,Fish
Komodo Dragon,Indonesia,Tropical Forest,Reptile
African Elephant,Kenya,Savannah,Mammal
Komodo Dragon,Indonesia,Tropical Forest,Reptile
Komodo Dragon,Indonesia,Tropical Forest,Reptile
Blue Whale,Global,Ocean,Mammal
Komodo Dragon,Indonesia,Tropical Forest,Reptile
Bald Eagle,USA,Mountains,Bird
Red Fox,Canada,Forest,Mammal
Bald Eagle,USA,Mountains,Bird
Red Fox,Canada,Forest,Mammal
African Elephant,Kenya,Savannah,Mammal
Emperor Penguin,Antarctica,Ice Sheets,Bird
Bengal Tiger,India,Forest,Mammal
Dolphin,Mexico,Ocean,Mammal
Bengal Tiger,India,Forest,Mammal
Bengal Tiger,India,Forest,Mammal
Komodo Dragon,Indonesia,Tropical Forest,Reptile
Komodo Dragon,Indonesia,Tropical Forest,Reptile
Great White Shark,Australia,Ocean,Fish
Blue Whale,Global,Ocean,Mammal
Green Anaconda,Brazil,Swamp,Reptile
Blue Whale,Global,Ocean,Mammal
Dolphin,Mexico,Ocean,Mammal
Green Anaconda,Brazil,Swamp,Reptile
Komodo Dragon,Indonesia,Tropical Forest,Reptile
Red Fox,Canada,Forest,Mammal
Bengal Tiger,India,Forest,Mammal
Red Fox,Canada,Forest,Mammal
Komodo Dragon,Indonesia,Tropical Forest,Reptile
Blue Whale,Global,Ocean,Mammal
Emperor Penguin,Antarctica,Ice Sheets,Bird
Komodo Dragon,Indonesia,Tropical Forest,Reptile
African Elephant,Kenya,Savannah,Mammal
Bald Eagle,USA,Mountains,Bird
Bald Eagle,USA,Mountains,Bird
Emperor Penguin,Antarctica,Ice Sheets,Bird
Blue Whale,Global,Ocean,Mammal
Komodo Dragon,Indonesia,Tropical Forest,Reptile
Red Fox,Canada,Forest,Mammal
Bald Eagle,USA,Mountains,Bird
Bengal Tiger,India,Forest,Mammal
Bald Eagle,USA,Mountains,Bird
Bald Eagle,USA,Mountains,Bird
Blue Whale,Global,Ocean,Mammal
African Elephant,Kenya,Savannah,Mammal
African Elephant,Kenya,Savannah,Mammal
Dolphin,Mexico,Ocean,Mammal
Bald Eagle,USA,Mountains,Bird
Red Fox,Canada,Forest,Mammal
Dolphin,Mexico,Ocean,Mammal
Emperor Penguin,Antarctica,Ice Sheets,Bird
Komodo Dragon,Indonesia,Tropical Forest,Reptile
Red Fox,Canada,Forest,Mammal
Green Anaconda,Brazil,Swamp,Reptile
Red Fox,Canada,Forest,Mammal
Komodo Dragon,Indonesia,Tropical Forest,Reptile
African Elephant,Kenya,Savannah,Mammal
Blue Whale,Global,Ocean,Mammal
Bald Eagle,USA,Mountains,Bird
Green Anaconda,Brazil,Swamp,Reptile
Great White Shark,Australia,Ocean,Fish
Emperor Penguin,Antarctica,Ice Sheets,Bird
Komodo Dragon,Indonesia,Tropical Forest,Reptile
Bald Eagle,USA,Mountains,Bird
Bengal Tiger,India,Forest,Mammal
Blue Whale,Global,Ocean,Mammal
Dolphin,Mexico,Ocean,Mammal
Great White Shark,Australia,Ocean,Fish
African Elephant,Kenya,Savannah,Mammal
African Elephant,Kenya,Savannah,Mammal
Green Anaconda,Brazil,Swamp,Reptile
Great White Shark,Australia,Ocean,Fish
Bald Eagle,USA,Mountains,Bird
Red Fox,Canada,Forest,Mammal
Green Anaconda,Brazil,Swamp,Reptile
Red Fox,Canada,Forest,Mammal
Dolphin,Mexico,Ocean,Mammal
Bald Eagle,USA,Mountains,Bird
Great White Shark,Australia,Ocean,Fish
Bald Eagle,USA,Mountains,Bird
Great White Shark,Australia,Ocean,Fish
Komodo Dragon,Indonesia,Tropical Forest,Reptile
Great White Shark,Australia,Ocean,Fish
Blue Whale,Global,Ocean,Mammal
Red Fox,Canada,Forest,Mammal
Red Fox,Canada,Forest,Mammal
Green Anaconda,Brazil,Swamp,Reptile
Red Fox,Canada,Forest,Mammal
Blue Whale,Global,Ocean,Mammal
Bengal Tiger,India,Forest,Mammal
Emperor Penguin,Antarctica,Ice Sheets,Bird
Emperor Penguin,Antarctica,Ice Sheets,Bird
Emperor Penguin,Antarctica,Ice Sheets,Bird
Emperor Penguin,Antarctica,Ice Sheets,Bird
Dolphin,Mexico,Ocean,Mammal
Komodo Dragon,Indonesia,Tropical Forest,Reptile
Komodo Dragon,Indonesia,Tropical Forest,Reptile
Blue Whale,Global,Ocean,Mammal
Green Anaconda,Brazil,Swamp,Reptile
Dolphin,Mexico,Ocean,Mammal
Dolphin,Mexico,Ocean,Mammal
Green Anaconda,Brazil,Swamp,Reptile
African Elephant,Kenya,Savannah,Mammal
Blue Whale,Global,Ocean,Mammal
Komodo Dragon,Indonesia,Tropical Forest,Reptile
African Elephant,Kenya,Savannah,Mammal
Great White Shark,Australia,Ocean,Fish
Blue Whale,Global,Ocean,Mammal
Red Fox,Canada,Forest,Mammal
Blue Whale,Global,Ocean,Mammal
Emperor Penguin,Antarctica,Ice Sheets,Bird
Dolphin,Mexico,Ocean,Mammal
Great White Shark,Australia,Ocean,Fish
Dolphin,Mexico,Ocean,Mammal
Dolphin,Mexico,Ocean,Mammal
Emperor Penguin,Antarctica,Ice Sheets,Bird
Red Fox,Canada,Forest,Mammal
Red Fox,Canada,Forest,Mammal
Blue Whale,Global,Ocean,Mammal
Komodo Dragon,Indonesia,Tropical Forest,Reptile
Emperor Penguin,Antarctica,Ice Sheets,Bird
Emperor Penguin,Antarctica,Ice Sheets,Bird
Great White Shark,Australia,Ocean,Fish
Komodo Dragon,Indonesia,Tropical Forest,Reptile
Bald Eagle,USA,Mountains,Bird
Bengal Tiger,India,Forest,Mammal
Red Fox,Canada,Forest,Mammal
Red Fox,Canada,Forest,Mammal
Emperor Penguin,Antarctica,Ice Sheets,Bird
Bengal Tiger,India,Forest,Mammal
African Elephant,Kenya,Savannah,Mammal
Bengal Tiger,India,Forest,Mammal
Red Fox,Canada,Forest,Mammal
Bald Eagle,USA,Mountains,Bird
Bengal Tiger,India,Forest,Mammal
Green Anaconda,Brazil,Swamp,Reptile
Red Fox,Canada,Forest,Mammal
Bengal Tiger,India,Forest,Mammal
Bald Eagle,USA,Mountains,Bird
Emperor Penguin,Antarctica,Ice Sheets,Bird
African Elephant,Kenya,Savannah,Mammal
Dolphin,Mexico,Ocean,Mammal
Komodo Dragon,Indonesia,Tropical Forest,Reptile
Great White Shark,Australia,Ocean,Fish
Bengal Tiger,India,Forest,Mammal
Red Fox,Canada,Forest,Mammal
Red Fox,Canada,Forest,Mammal
Red Fox,Canada,Forest,Mammal
Red Fox,Canada,Forest,Mammal
Bald Eagle,USA,Mountains,Bird
Blue Whale,Global,Ocean,Mammal
Blue Whale,Global,Ocean,Mammal
Great White Shark,Australia,Ocean,Fish
African Elephant,Kenya,Savannah,Mammal
Dolphin,Mexico,Ocean,Mammal
Great White Shark,Australia,Ocean,Fish
Great White Shark,Australia,Ocean,Fish
Emperor Penguin,Antarctica,Ice Sheets,Bird
Red Fox,Canada,Forest,Mammal
African Elephant,Kenya,Savannah,Mammal
Blue Whale,Global,Ocean,Mammal
Green Anaconda,Brazil,Swamp,Reptile
Bengal Tiger,India,Forest,Mammal
Bald Eagle,USA,Mountains,Bird
Blue Whale,Global,Ocean,Mammal
African Elephant,Kenya,Savannah,Mammal
Bald Eagle,USA,Mountains,Bird
Red Fox,Canada,Forest,Mammal
Komodo Dragon,Indonesia,Tropical Forest,Reptile
Great White Shark,Australia,Ocean,Fish
Blue Whale,Global,Ocean,Mammal
Green Anaconda,Brazil,Swamp,Reptile
Blue Whale,Global,Ocean,Mammal
Green Anaconda,Brazil,Swamp,Reptile
Bald Eagle,USA,Mountains,Bird
Komodo Dragon,Indonesia,Tropical Forest,Reptile
Komodo Dragon,Indonesia,Tropical Forest,Reptile
African Elephant,Kenya,Savannah,Mammal
Bald Eagle,USA,Mountains,Bird
Komodo Dragon,Indonesia,Tropical Forest,Reptile
Red Fox,Canada,Forest,Mammal
Bengal Tiger,India,Forest,Mammal
Green Anaconda,Brazil,Swamp,Reptile
Great White Shark,Australia,Ocean,Fish
Komodo Dragon,Indonesia,Tropical Forest,Reptile
Komodo Dragon,Indonesia,Tropical Forest,Reptile
African Elephant,Kenya,Savannah,Mammal
Red Fox,Canada,Forest,Mammal
Bengal Tiger,India,Forest,Mammal
Red Fox,Canada,Forest,Mammal
Red Fox,Canada,Forest,Mammal
Komodo Dragon,Indonesia,Tropical Forest,Reptile
Blue Whale,Global,Ocean,Mammal
African Elephant,Kenya,Savannah,Mammal
African Elephant,Kenya,Savannah,Mammal
Red Fox,Canada,Forest,Mammal
Emperor Penguin,Antarctica,Ice Sheets,Bird
Emperor Penguin,Antarctica,Ice Sheets,Bird
Bengal Tiger,India,Forest,Mammal
Bald Eagle,USA,Mountains,Bird
Dolphin,Mexico,Ocean,Mammal
Red Fox,Canada,Forest,Mammal
Red Fox,Canada,Forest,Mammal
African Elephant,Kenya,Savannah,Mammal
Blue Whale,Global,Ocean,Mammal
Great White Shark,Australia,Ocean,Fish
African Elephant,Kenya,Savannah,Mammal
Bengal Tiger,India,Forest,Mammal
African Elephant,Kenya,Savannah,Mammal
Bald Eagle,USA,Mountains,Bird
Blue Whale,Global,Ocean,Mammal
Emperor Penguin,Antarctica,Ice Sheets,Bird
Emperor Penguin,Antarctica,Ice Sheets,Bird
Blue Whale,Global,Ocean,Mammal
Komodo Dragon,Indonesia,Tropical Forest,Reptile
Emperor Penguin,Antarctica,Ice Sheets,Bird
